{"ProjectBreakpoints":"{\"Value\":{\"Tests/Add data to queue.xaml\":[{\"ConditionalExpression\":null,\"ActionExpression\":null,\"ExpectedHitCounter\":null,\"ShouldContinueAfterAction\":false,\"IsEnabled\":true,\"ActivityIdRef\":\"WriteLine_1\",\"ActivityId\":\"1.107\",\"ActivityName\":\"Write Line\"}]}}","ProjectWatches":"{\"Value\":[]}","OpenedDocuments":"[\"Main.xaml\"]","LibraryProjectSettings":"{\"IncludeSourcesByDefault\":true,\"UseCompilerV2\":false,\"CompileExpressions\":true,\"DefaultActivitiesRootCategories\":[null]}"}