{"ProjectBreakpoints":"{\"Value\":{\"Process Files/Add Data to Queue.xaml\":[{\"ConditionalExpression\":null,\"ActionExpression\":null,\"ExpectedHitCounter\":null,\"ShouldContinueAfterAction\":false,\"IsTransient\":false,\"IsEnabled\":true,\"Id\":\"90ce303d-5e56-4ef6-9499-49d1bd8efa26\",\"ActivityIdRef\":\"Sequence_37\",\"ActivityId\":\"1.261\",\"ActivityName\":\"Sequence\"},{\"ConditionalExpression\":null,\"ActionExpression\":null,\"ExpectedHitCounter\":null,\"ShouldContinueAfterAction\":false,\"IsTransient\":false,\"IsEnabled\":true,\"Id\":\"88c345a2-98e3-4d64-ac08-12d5c1f7f004\",\"ActivityIdRef\":\"WriteLine_3\",\"ActivityId\":\"1.262\",\"ActivityName\":\"Write Line\"},{\"ConditionalExpression\":null,\"ActionExpression\":null,\"ExpectedHitCounter\":null,\"ShouldContinueAfterAction\":false,\"IsTransient\":false,\"IsEnabled\":true,\"Id\":\"e65a128f-2073-45fc-8782-d7aec61b0250\",\"ActivityIdRef\":\"Sequence_38\",\"ActivityId\":\"1.248\",\"ActivityName\":\"Sequence\"},{\"ConditionalExpression\":null,\"ActionExpression\":null,\"ExpectedHitCounter\":null,\"ShouldContinueAfterAction\":false,\"IsTransient\":false,\"IsEnabled\":true,\"Id\":\"cf77b92d-328a-4698-bf03-dde545bd9190\",\"ActivityIdRef\":\"WriteLine_4\",\"ActivityId\":\"1.249\",\"ActivityName\":\"Write Line\"}]}}","ProjectWatches":"{\"Value\":[]}","OpenedDocuments":"[\"Main.xaml\",\"Process.xaml\",\"Process Files/Add Data to Queue.xaml\"]"}