{"LibraryProjectSettings":"{\"IncludeSourcesByDefault\":true,\"UseCompilerV2\":false,\"CompileExpressions\":true,\"DefaultActivitiesRootCategories\":[null]}","OpenedDocuments":"[\"Main.xaml\"]","ProjectBreakpoints":"{\"Value\":{\"Files to invoke/Extract Required Data From Mail Body.xaml\":[{\"ConditionalExpression\":null,\"ActionExpression\":null,\"ExpectedHitCounter\":null,\"ShouldContinueAfterAction\":false,\"IsEnabled\":true,\"ActivityIdRef\":\"WriteLine_41\",\"ActivityId\":\"1.2044\",\"ActivityName\":\"Write Line\"}]}}","ProjectWatches":"{\"Value\":[]}"}